{"cameraMode":{"drawMode":0,"name":"Shaded","section":"Shading Mode"},"sceneLighting":false,"audioPlay":false,"sceneViewState":{"m_AlwaysRefresh":false,"showFog":true,"showSkybox":false,"showFlares":true,"showImageEffects":true,"showParticleSystems":true,"showVisualEffectGraphs":true,"m_FxEnabled":true},"in2DMode":false,"pivot":{"x":0.6996417045593262,"y":3.456782341003418,"z":9.253681182861329},"rotation":{"x":-0.034170690923929217,"y":0.682424008846283,"z":-0.031967226415872577,"w":-0.7294581532478333},"size":6.2319111824035648,"orthographic":false}